Skill,Count
r,1.0
communication skills,0.4025974025974026
excel,0.37662337662337664
sql,0.36363636363636365
problem solving,0.15584415584415584
project management,0.14285714285714285
data visualization,0.11688311688311688
data analysis,0.11688311688311688
critical thinking,0.1038961038961039
data modeling,0.09090909090909091
