Skill,Count
r,1.0
python,0.8163265306122449
machine learning,0.7755102040816326
statistics,0.5918367346938775
communication skills,0.2653061224489796
data analysis,0.22448979591836735
data visualization,0.20408163265306123
natural language processing,0.20408163265306123
predictive modeling,0.14285714285714285
data mining,0.14285714285714285
