Skill,Count
sql,0.8529411764705882
database administration,0.38235294117647056
database management,0.2647058823529412
database design,0.23529411764705882
replication,0.17647058823529413
database monitoring,0.11764705882352941
data migration,0.08823529411764706
indexing,0.08823529411764706
data integrity,0.08823529411764706
problem-solving skills,0.058823529411764705
